{"cameraMode":{"drawMode":0,"name":"Shaded","section":"Shading Mode"},"sceneLighting":false,"audioPlay":false,"sceneViewState":{"m_AlwaysRefresh":false,"showFog":true,"showSkybox":false,"showFlares":true,"showImageEffects":true,"showParticleSystems":true,"showVisualEffectGraphs":true,"m_FxEnabled":true},"in2DMode":false,"pivot":{"x":196.4769287109375,"y":353.6907043457031,"z":135.0652313232422},"rotation":{"x":-0.006292426027357578,"y":0.003921273164451122,"z":0.000023734290152788162,"w":1.0000388622283936},"size":683.0206909179688,"orthographic":false}